"path";"hash";"size (mb)"
"D:\Programs\ADGUI\ActiveDirectoryGUI\formscreate.ps1";"17BA2493D95339AEC54337B1BF0C80A544ACC4F79DF3A239143C0631994A3CEA";"0"
"D:\Programs\ADGUI\QActiveDirectoryGUI\formscreate.ps1";"17BA2493D95339AEC54337B1BF0C80A544ACC4F79DF3A239143C0631994A3CEA";"0"
"D:\Programs\ADGUI\ActiveDirectoryGUI\main.ps1";"8BF778BF1567899914DF046A04394F75F0042369E587B93B9FA5B2D027B6AE12";"0"
"D:\Programs\ADGUI\QActiveDirectoryGUI\main.ps1";"8BF778BF1567899914DF046A04394F75F0042369E587B93B9FA5B2D027B6AE12";"0"
"D:\Programs\ADGUI\ActiveDirectoryGUI\sharefunctions.ps1";"C2A657B698C5638190CC8C42A7CFDD9ECF1BC7D1C5DDC201E5FE64BBD9B6FB2B";"0"
"D:\Programs\ADGUI\QActiveDirectoryGUI\sharefunctions.ps1";"C2A657B698C5638190CC8C42A7CFDD9ECF1BC7D1C5DDC201E5FE64BBD9B6FB2B";"0"
"D:\Programs\ADGUI\ActiveDirectoryGUI\tab1\tab1.ps1";"FEBEF49082F33620546E2ECC1B32272CE5899B6DD36D6B1EDB9662C72CEFEF51";"0"
"D:\Programs\ADGUI\QActiveDirectoryGUI\tab1\tab1.ps1";"FEBEF49082F33620546E2ECC1B32272CE5899B6DD36D6B1EDB9662C72CEFEF51";"0"
"D:\Programs\ADGUI\ActiveDirectoryGUI\tab1\construct\create.ps1";"16D79F28E2035B8DD85E311404AB2F0B161A9DF008F9630F6E37DCB6CFA587A6";"0"
"D:\Programs\ADGUI\QActiveDirectoryGUI\tab1\construct\create.ps1";"16D79F28E2035B8DD85E311404AB2F0B161A9DF008F9630F6E37DCB6CFA587A6";"0"
"D:\Programs\ADGUI\ActiveDirectoryGUI\tab1\construct\initialization.ps1";"EBBF7409BCC4390A734F02CE3727820003B0B0865BE5A66B0633DDE7EA663487";"0"
"D:\Programs\ADGUI\QActiveDirectoryGUI\tab1\construct\initialization.ps1";"EBBF7409BCC4390A734F02CE3727820003B0B0865BE5A66B0633DDE7EA663487";"0"
"D:\Programs\ADGUI\ActiveDirectoryGUI\tab2\tab2.ps1";"F6BBEB2063F0C172AAC528002D33855E7CC10BEC6043EEC84F4FF0594A722F55";"0"
"D:\Programs\ADGUI\QActiveDirectoryGUI\tab2\tab2.ps1";"F6BBEB2063F0C172AAC528002D33855E7CC10BEC6043EEC84F4FF0594A722F55";"0"
"D:\Programs\ADGUI\ActiveDirectoryGUI\tab2\construct\create.ps1";"B9B8A977D2250526AD6EECF40AA4C04CDA5D9ACCF43F61E96479D87D599DAF23";"0"
"D:\Programs\ADGUI\QActiveDirectoryGUI\tab2\construct\create.ps1";"B9B8A977D2250526AD6EECF40AA4C04CDA5D9ACCF43F61E96479D87D599DAF23";"0"
"D:\Programs\ADGUI\ActiveDirectoryGUI\tab2\construct\initialization.ps1";"4D3E609EAAB88F368D19387BAB9A4DC9EF37ECBE2436B3C8C7569B5A7135429A";"0"
"D:\Programs\ADGUI\QActiveDirectoryGUI\tab2\construct\initialization.ps1";"4D3E609EAAB88F368D19387BAB9A4DC9EF37ECBE2436B3C8C7569B5A7135429A";"0"
"D:\Programs\ADGUI\ActiveDirectoryGUI\tab3\tab3.ps1";"553A4A30C7293A5A19C135DD987DEC91B87A5496981C6864D0F3D7DD7B36EA28";"0"
"D:\Programs\ADGUI\QActiveDirectoryGUI\tab3\tab3.ps1";"553A4A30C7293A5A19C135DD987DEC91B87A5496981C6864D0F3D7DD7B36EA28";"0"
"D:\Programs\ADGUI\ActiveDirectoryGUI\tab3\construct\create.ps1";"BB19EA8A1EDCDA0ABB2EDE6442E782BFA5957BC568D84660677150ED15963C24";"0"
"D:\Programs\ADGUI\QActiveDirectoryGUI\tab3\construct\create.ps1";"BB19EA8A1EDCDA0ABB2EDE6442E782BFA5957BC568D84660677150ED15963C24";"0"
"D:\Programs\ADGUI\ActiveDirectoryGUI\tab3\construct\initialization.ps1";"76292E45E60F610707E7D06E50038E6541477AA203B3ED070E081131981999DB";"0"
"D:\Programs\ADGUI\QActiveDirectoryGUI\tab3\construct\initialization.ps1";"76292E45E60F610707E7D06E50038E6541477AA203B3ED070E081131981999DB";"0"
"D:\Programs\ADGUI\ActiveDirectoryGUI\tab5\construct\initialization.ps1";"8078F777F6BF028340F89E5149D25C265FC762130738860D43E889D84A0ABD23";"0"
"D:\Programs\ADGUI\QActiveDirectoryGUI\tab5\construct\initialization.ps1";"8078F777F6BF028340F89E5149D25C265FC762130738860D43E889D84A0ABD23";"0"
"D:\Programs\ADGUI\ActiveDirectoryGUI\tab3\construct\logs.ps1";"64BB4A0038F4E0856097EDD1B4C8E2078D97253DC28E42342E46C75E044F48B4";"0"
"D:\Programs\ADGUI\QActiveDirectoryGUI\tab3\construct\logs.ps1";"64BB4A0038F4E0856097EDD1B4C8E2078D97253DC28E42342E46C75E044F48B4";"0"
"D:\Programs\ADGUI\ActiveDirectoryGUI\tab4\tab4.ps1";"389C5E63047FCA59434A5504A8FC18E9EBB26CA84CF3813EC8410C9395807FB3";"0"
"D:\Programs\ADGUI\QActiveDirectoryGUI\tab4\tab4.ps1";"389C5E63047FCA59434A5504A8FC18E9EBB26CA84CF3813EC8410C9395807FB3";"0"
"D:\Programs\ADGUI\ActiveDirectoryGUI\tab4\construct\create.ps1";"6619D3F1964F0AF4BAEACDF158E1E1CA1D9470DE785A36F8BC61A0A4E1DB6887";"0"
"D:\Programs\ADGUI\QActiveDirectoryGUI\tab4\construct\create.ps1";"6619D3F1964F0AF4BAEACDF158E1E1CA1D9470DE785A36F8BC61A0A4E1DB6887";"0"
"D:\Programs\ADGUI\ActiveDirectoryGUI\tab4\construct\initialization.ps1";"90C6B9A2D09E067B8840F2AC4C1C9B6614A16470187AABF2795A16076DF1A31B";"0"
"D:\Programs\ADGUI\QActiveDirectoryGUI\tab4\construct\initialization.ps1";"90C6B9A2D09E067B8840F2AC4C1C9B6614A16470187AABF2795A16076DF1A31B";"0"
"D:\Programs\ADGUI\ActiveDirectoryGUI\tab4\construct\logs.ps1";"1BD079599384A51E7D4041206DE1145033FAC213B9CFAC8681E35845169C0522";"0"
"D:\Programs\ADGUI\QActiveDirectoryGUI\tab4\construct\logs.ps1";"1BD079599384A51E7D4041206DE1145033FAC213B9CFAC8681E35845169C0522";"0"
"D:\Programs\ADGUI\ActiveDirectoryGUI\tab5\tab5.ps1";"1FFEFB2834551293317CF654C910A386528434C9FAB93E427C9E9515D11CB86A";"0"
"D:\Programs\ADGUI\QActiveDirectoryGUI\tab5\tab5.ps1";"1FFEFB2834551293317CF654C910A386528434C9FAB93E427C9E9515D11CB86A";"0"
"D:\Programs\ADGUI\ActiveDirectoryGUI\tab5\construct\create.ps1";"B7A459AB971E0B72DF91DEA827493393DB10C5C6C4C4C5AA8EE85A5C3D641846";"0"
"D:\Programs\ADGUI\QActiveDirectoryGUI\tab5\construct\create.ps1";"B7A459AB971E0B72DF91DEA827493393DB10C5C6C4C4C5AA8EE85A5C3D641846";"0"
"D:\Programs\AHK\AutoHotkey.exe";"C93FDE911140A7330F6D2D89BDB8E011B86153B43D64C7E2B66A741ABACF9472";"0,16"
"D:\Programs\AHK\AutoHotkeyU64.exe";"C93FDE911140A7330F6D2D89BDB8E011B86153B43D64C7E2B66A741ABACF9472";"0,16"
"D:\Programs\Distr\rtDrivers 4.8.10.0(admin).exe";"ECAA2BE49F757FB32BD3567D46330D4ACCDA19DFEC83DA10596B2C8DB7025DD4";"3,54"
"D:\Programs\Distr\rtDrivers.exe";"ECAA2BE49F757FB32BD3567D46330D4ACCDA19DFEC83DA10596B2C8DB7025DD4";"3,54"
